{
  "sepal_length": 0.0,
  "sepal_width": 0.0,
  "petal_length": 0.02769730799123861,
  "petal_width": 0.9723026920087614
}