{
  "sepal_length": 0.102162617450477,
  "sepal_width": 0.0,
  "petal_length": 0.0,
  "petal_width": 0.897837382549523
}