{
  "sepal_length": 0.08346622609338085,
  "sepal_width": 0.0,
  "petal_length": 0.0,
  "petal_width": 0.9165337739066192
}