{
  "setosa": {
    "precision": 1.0,
    "recall": 1.0,
    "f1-score": 1.0,
    "support": 15.0
  },
  "versicolor": {
    "precision": 0.9285714285714286,
    "recall": 0.8666666666666667,
    "f1-score": 0.896551724137931,
    "support": 15.0
  },
  "virginica": {
    "precision": 0.875,
    "recall": 0.9333333333333333,
    "f1-score": 0.9032258064516129,
    "support": 15.0
  },
  "accuracy": 0.9333333333333333,
  "macro avg": {
    "precision": 0.9345238095238096,
    "recall": 0.9333333333333332,
    "f1-score": 0.9332591768631814,
    "support": 45.0
  },
  "weighted avg": {
    "precision": 0.9345238095238095,
    "recall": 0.9333333333333333,
    "f1-score": 0.9332591768631814,
    "support": 45.0
  }
}