{
  "sepal_length": 0.014946554743643923,
  "sepal_width": 0.0,
  "petal_length": 0.0,
  "petal_width": 0.9850534452563562
}