{
  "setosa": {
    "precision": 0.75,
    "recall": 1.0,
    "f1-score": 0.8571428571428571,
    "support": 15.0
  },
  "versicolor": {
    "precision": 0.9285714285714286,
    "recall": 0.8666666666666667,
    "f1-score": 0.896551724137931,
    "support": 15.0
  },
  "virginica": {
    "precision": 0.9090909090909091,
    "recall": 0.6666666666666666,
    "f1-score": 0.7692307692307693,
    "support": 15.0
  },
  "accuracy": 0.8444444444444444,
  "macro avg": {
    "precision": 0.8625541125541125,
    "recall": 0.8444444444444444,
    "f1-score": 0.8409751168371858,
    "support": 45.0
  },
  "weighted avg": {
    "precision": 0.8625541125541127,
    "recall": 0.8444444444444444,
    "f1-score": 0.8409751168371858,
    "support": 45.0
  }
}