{
  "sepal_length": 0.0,
  "sepal_width": 0.0,
  "petal_length": 0.1492079355919956,
  "petal_width": 0.8507920644080044
}