{
  "sepal_length": 0.0,
  "sepal_width": 0.0,
  "petal_length": 0.034723023325565795,
  "petal_width": 0.9652769766744342
}