{
  "setosa": {
    "precision": 0.0,
    "recall": 0.0,
    "f1-score": 0.0,
    "support": 15.0
  },
  "versicolor": {
    "precision": 0.4482758620689655,
    "recall": 0.8666666666666667,
    "f1-score": 0.5909090909090909,
    "support": 15.0
  },
  "virginica": {
    "precision": 0.8461538461538461,
    "recall": 0.7333333333333333,
    "f1-score": 0.7857142857142857,
    "support": 15.0
  },
  "accuracy": 0.5333333333333333,
  "macro avg": {
    "precision": 0.43147656940760387,
    "recall": 0.5333333333333333,
    "f1-score": 0.4588744588744589,
    "support": 45.0
  },
  "weighted avg": {
    "precision": 0.43147656940760387,
    "recall": 0.5333333333333333,
    "f1-score": 0.4588744588744588,
    "support": 45.0
  }
}