{
  "sepal_length": 0.2037892622962384,
  "sepal_width": 0.0,
  "petal_length": 0.40622989369637114,
  "petal_width": 0.38998084400739047
}