{
  "sepal_length": 0.0,
  "sepal_width": 0.0,
  "petal_length": 0.01826406397166302,
  "petal_width": 0.981735936028337
}